<?xml version="1.0" encoding="UTF-8"?>
<!--
    This XML file allows us to easily customize the look and language used
    in our program's user interface. Note that this properties file is only
    for the standard controls for an app from the SimpleAppFramework, so
    it would not include things initialized for the workspace, which is
    customizable.
-->
<properties>
    <property_list>
        <property name="APP_TITLE"	    value="Metro Map Maker"></property>
        <property name="APP_ICON"	    value="MetroMapMaker.png"></property>
        <property name="DEVELOPER_NAME"	    value="Rahel Zewde + Richard McKenna"></property>
        <property name="PRODUCTION_YEAR"    value="November, 2017"></property>
        <property name="APP_PATH_CSS"	    value="css/"></property>
        <property name="APP_CSS"	    value="m3_style.css"></property>
        
        <!-- PREFERRED GEOMETRY -->
        <property name="PREF_WIDTH"         value="800"></property>
        <property name="PREF_HEIGHT"        value="600"></property>
        <property name="START_MAXIMIZED"    value="true"></property>
       
        <!-- PROGRAM LABEL FILES -->
        
        <property name="NEW_LABEL"		value="New"></property>
        <property name="LOAD_LABEL"		value="Load"></property>
        <property name="SAVE_LABEL"		value="Save"></property>
        <property name="SAVE_AS_LABEL"		value="Save As"></property>
        <property name="EXPORT_LABEL"		value="Export"></property>
      
        <property name="UNDO_LABEL"             value="Undo"></property>
        <property name="REDO_LABEL"             value="Redo"></property>
        
        
        <property name="ABOUT_LABEL"            value="ABOUT"></property>
        
        <property name="METRO_LINE_LABEL"	value="Metro Lines          "></property>
        <property name="CREATE"            value="Create"></property>
        <property name="DELETE"           value="Delete"></property>
        <property name="METRO_STATION_LABEL"    value="Metro Stations   "></property>
        <property name="ADD_STATION_LABEL"      value="Add&#xD;Station      "></property>
        <property name="REMOVE_STATION_LABEL"   value="Remove&#xD;Station       "></property>
        <property name="SNAP_LABEL"             value=" Snap    &#xD;"></property>
        <property name="MOVE_LABEL_LABEL"       value="Move&#xD;Label   "></property>
        <property name="DECOR_LABEL"            value="Decor                                              "></property>
        <property name="SET_IMAGE_BACKGROUND_LABEL"          value="Set Image&#xD;Background       "></property>
        <property name="ADD_IMAGE_LABEL"                     value="Add&#xD;Image     "></property>
        <property name="ADD_LABEL_LABEL"                     value="Add&#xD;Label     "></property>
        <property name="REMOVE_ELEMENT_LABEL"                value="Remove&#xD;Element       "></property>
        <property name="FONT_LABEL"                          value="Font                               "></property>
        <property name="NAVIGATION_LABEL"                    value="Navigation                    "></property>
        <property name="SHOW_GRID_LABEL"                     value="Show Grid   "></property>
        
        <!-- ADDED PROGRAM ICON FILES -->
        <property name="M3_LOGO_ICON"                       value="logoDisplay.PNG"></property>
        
        
        
    
    
        <property name="CREATE_STATION_ICON"                 value="add_new.png"></property>
        <property name="DELETE_STATION_ICON"                 value="delete.png"></property>
        <property name="ADD_STATION_ICON"                 value="add_to_list.png"></property>
        <property name="REMOVE_STATION_ICON"                 value="remove.png"></property>
        
        <property name="LIST_STATIONS_ICON"                 value="list.png"></property>
        
        <property name="DECREASE_THICKNESS_ICON"            value="decreaseIcon.png"></property>
        <property name="INCREASE_THICKNESS_ICON"            value="increaseIcon.png"></property>
        <property name="DECREASE_RADIUS_ICON"               value="decreaseIcon.png"></property>
        <property name="INCREASE_RADIUS_ICON"               value="increaseIcon.png"></property>
      
        <property name="FIND_ROUTE_ICON"                    value="findRouteIcon.png"></property>
        <property name="ZOOM_IN_ICON"                       value="mapZoomInIcon.png"></property>
        <property name="ZOOM_OUT_ICON"                      value="mapZoomOutIcon.png"></property>
        <property name="MAP_ZOOM_IN_ICON"                  value="zoom_in.png"></property>
        <property name="MAP_ZOOM_OUT_ICON"                  value="zoom_out.png"></property>
        
        
        <property name="ROTATE"                  value="rotate.png"></property>
        <property name="SNAP"                  value="snap.png"></property>
        <property name="MOVE"                  value="move.png"></property>
        <property name="BOLD"                  value="bold.png"></property>
        <property name="ITALIC"                  value="italic.png"></property>
            
            
        <property name="ADD_IMAGE"                  value="add_image.png"></property>
        <property name="BACKGROUND_IMAGE"                  value="change_background.png"></property>
        <property name="ADD_TEXT"                  value="add_text.png"></property>
            
        <property name="EDIT"                  value="edit.png"></property>
            
        <property name="EDIT_TEXT"                  value="Edit"></property>
            

            
        
        <!-- TOOLTIPS FOR BUTTONS -->
        <property name="NEW_TOOLTIP"		value="Create a New Map"></property>
        <property name="LOAD_TOOLTIP"		value="Load an Existing Map"></property>
        <property name="EXPORT_TOOLTIP"		value="Export work"></property>
        <property name="SAVE_AS_TOOLTIP"        value="Save work As"></property>
        <property name="SAVE_TOOLTIP"		value="Save work "></property>
        <property name="EXIT_TOOLTIP"		value="Exit the Application"></property>
        
        <property name="UNDO_TOOLTIP"          value="Undo"></property>
        <property name="REDO_TOOLTIP"          value="Redo"></property>
        
        <property name="ABOUT_TOOLTIP"         value="About"></property>
        
        
        
        
        <property name="LIST_STATIONS_TOOLTIP"          value="list Stations"></property>
        <property name="DECREASE_THICKNESS_TOOLTIP"      value="Decrease Line Thickness"></property>
        <property name="INCREASE_THICKNESS_TOOLTIP"      value="Increase Line Thickness"></property>
        <property name="DECREASE_RADIUS_TOOLTIP"         value="Decrease Radius"></property>
        <property name="INCREASE_RADIUS_TOOLTIP"         value="Increase Radius"></property>
        <property name="ROTATE_LABEL_TOOLTIP"            value="Rotate"></property>
        <property name="FIND_ROUTE_TOOLTIP"              value="Find Route"></property>
        <property name="TOGGLE_BOLD"                     value="Bold"></property>
        <property name="TOGGLE_ITALIC"                   value="Italic"></property>
        <property name="ZOOM_IN_TOOLTIP"                 value="Zoom In"></property>
        <property name="ZOOM_OUT_TOOLTIP"                value="Zoom Out"></property>
        <property name="MAP_ZOOM_IN_TOOLTIP"             value="Map Zoom In"></property>
        <property name="MAP_ZOOM_OUT_TOOLTIP"            value="Map Zoom Out"></property>
        
        <!-- ERROR MESSAGES -->
        <property name="CLOSE_BUTTON_TEXT"              value="Close"></property>
        <property name="NEW_ERROR_MESSAGE"              value="An error occured creating New work."></property>
        <property name="NEW_ERROR_TITLE"		value="New Work Error"></property>
        <property name="LOAD_ERROR_MESSAGE"             value="An error occured loading work."></property>
        <property name="LOAD_ERROR_TITLE"		value="Load Work Error"></property>
        <property name="SAVE_ERROR_MESSAGE"             value="An error occured saving work."></property>
        <property name="SAVE_ERROR_TITLE"		value="Save Work Error"></property>
        <property name="PROPERTIES_LOAD_ERROR_MESSAGE"	value="An error occured loading a properties file."></property>	
        <property name="PROPERTIES_LOAD_ERROR_TITLE"	value="Properties File Loading Error"></property>
	
        <!-- VERIFICATION MESSAGES -->
	
        <property name="NEW_COMPLETED_MESSAGE"		value="New Work Ready for Editing"></property>
        <property name="NEW_COMPLETED_TITLE"		value="New Work Created"></property>
        <property name="LOAD_COMPLETED_MESSAGE"		value="File Loading Completed and ready for editing"></property>
        <property name="LOAD_COMPLETED_TITLE"		value="Loading Completed"></property>
        <property name="SAVE_COMPLETED_MESSAGE"		value="File Saving Completed"></property>
        <property name="SAVE_COMPLETED_TITLE"		value="Saving Completed"></property>
        <property name="SAVE_UNSAVED_WORK_MESSAGE"	value="Would you like to save your unsaved work first?"></property>
        <property name="SAVE_UNSAVED_WORK_TITLE"	value="Save unsaved work?"></property>
	
        <property name="NEW_CREATED_MESSAGE"		value="New Work Created but not yet Saved"></property>
        <property name="WORK_LOADED_MESSAGE"		value="The Work has been Loaded"></property>
        <property name="WORK_SAVED_MESSAGE"		value="The Work has been Saved"></property>
        <property name="SAVE_UNSAVED_WORK_MESSAGE"	value="Do you want to save your unsaved work first?"></property>
        <property name="SAVE_WORK_TITLE"		value="Save your work"></property>
        <property name="LOAD_WORK_TITLE"		value="Select work file to load"></property>
        <property name="WORK_FILE_EXT"			value="m3"></property>
        <property name="WORK_FILE_EXT_DESC"		value="m3 Files"></property>

       
                                
    </property_list>
    <property_options_list>
    </property_options_list>
</properties>