
{
    "name":"Fuzhou MetroMap",
    "background_color":{
        "red":0.800000011920929,
        "green":0.9019607901573181,
        "blue":1.0,
        "alpha":1.0
    },
    "background_image":"file:/C:/Users/rahel/Desktop/fuzhou.PNG",
    "lines":[
        {
            "name":"Line 2",
            "station_names":[
                "Zhuqi",
                "Rongdong",
                "Chunfeng",
                "Suyan",
                "Shadi",
                "Shangjje",
                "Jinyu",
                "Fuzhou University",
                "Dongyu",
                "Houting",
                "Juyuanzhou",
                "Hongwan",
                "Jinshan",
                "Jinxiang",
                "Xiangban",
                "Ninghua",
                "Nanmendou",
                "Shuibu",
                "Ziyang",
                "Wuliting",
                "Qiany",
                "Shangyang",
                "Gushan",
                "Yangli"
            ],
            "color":{
                "red":0.20000000298023224,
                "green":0.4000000059604645,
                "blue":0.20000000298023224,
                "alpha":1.0
            },
            "thickness":4,
            "circular":false
        },
        {
            "name":"Line 5",
            "station_names":[
                "Pujue Temple",
                "Fujian Agriculture",
                "Hongtang",
                "JinlinRoad",
                "Jinhua Road",
                "Jinshan",
                "Jinhuan Road",
                "Pushang Avenue",
                "South Jianxin Road",
                "Fengshan Road",
                "Fuwan Road",
                "Zhaoyu Road",
                "Wushan",
                "Shangbao Road",
                "Dangbu Road",
                "Guanchanzhou",
                "Luozhou",
                "Gaoshi Road",
                "Chengjin Road",
                "South Railway Station"
            ],
            "color":{
                "red":0.10196078568696976,
                "green":0.20000000298023224,
                "blue":0.6000000238418579,
                "alpha":1.0
            },
            "thickness":4,
            "circular":false
        },
        {
            "name":"Line 4",
            "station_names":[
                "Hongtang",
                "West Yangqiao Road",
                "North Fuzhou Uni",
                "West 2nd Road",
                "New Baima Road",
                "Dongjjekou",
                "Fujian Provincial ho",
                "Tatou",
                "Yuefeng Town",
                "Chibian",
                "Huagong Road",
                "East Fuxin Road",
                "Qiany",
                "Yuanyang Road",
                "Aofeng Road",
                "Jiangbin Village",
                "Puxia",
                "Conference & Ex",
                "Lianjinang Village",
                "Chengmen",
                "Sanfiacheng",
                "Luozhou"
            ],
            "color":{
                "red":1.0,
                "green":0.7019608020782471,
                "blue":0.4000000059604645,
                "alpha":1.0
            },
            "thickness":4,
            "circular":false
        },
        {
            "name":"Line 1",
            "station_names":[
                "Xiangfeng",
                "Xiushan",
                "Luohanshan",
                "Fuzhou Railway",
                "Doumen",
                "Pingshan",
                "Dongjjekou",
                "Nanmendou",
                "Chating",
                "Dadao",
                "Shangteng",
                "Sanchajie",
                "Baihuting",
                "Huluzhen",
                "Huangshan",
                "Paixia",
                "Chengmen",
                "Lulei",
                "South Railway Station",
                "Huji",
                "Liangcuo",
                "Xiayang"
            ],
            "color":{
                "red":0.6000000238418579,
                "green":0.0,
                "blue":0.0,
                "alpha":1.0
            },
            "thickness":4,
            "circular":false
        },
        {
            "name":"Line 6",
            "station_names":[
                "Conference & Ex",
                "Guqi",
                "Luqi",
                "Liangcuo",
                "Xiayang",
                "Hangcheng",
                "Zhenghe",
                "Shiyang",
                "Aotou",
                "Hesha",
                "Shajing",
                "Lianhu",
                "Hujing",
                "Wanshou",
                "Gaoqia",
                "Weicuo",
                "Xianqi",
                "Changle Interantional Airport"
            ],
            "color":{
                "red":1.0,
                "green":0.6000000238418579,
                "blue":0.6000000238418579,
                "alpha":1.0
            },
            "thickness":4,
            "circular":false
        }
    ],
    "stations":[
        {
            "x":-75.0,
            "y":-232.0,
            "angle":0,
            "offset_x":-10,
            "offset_y":-20,
            "color":{
                "red":1.0,
                "green":1.0,
                "blue":1.0,
                "alpha":1.0
            },
            "radius":8,
            "name":"Zhuqi"
        },
        {
            "x":-74.0,
            "y":-172.0,
            "angle":0,
            "offset_x":-10,
            "offset_y":-20,
            "color":{
                "red":1.0,
                "green":1.0,
                "blue":1.0,
                "alpha":1.0
            },
            "radius":8,
            "name":"Rongdong"
        },
        {
            "x":-75.0,
            "y":-90.0,
            "angle":0,
            "offset_x":-19,
            "offset_y":-14,
            "color":{
                "red":1.0,
                "green":1.0,
                "blue":1.0,
                "alpha":1.0
            },
            "radius":8,
            "name":"Chunfeng"
        },
        {
            "x":-77.0,
            "y":-3.0,
            "angle":0,
            "offset_x":-10,
            "offset_y":-20,
            "color":{
                "red":1.0,
                "green":1.0,
                "blue":1.0,
                "alpha":1.0
            },
            "radius":8,
            "name":"Suyan"
        },
        {
            "x":-75.0,
            "y":73.0,
            "angle":0,
            "offset_x":-10,
            "offset_y":-20,
            "color":{
                "red":1.0,
                "green":1.0,
                "blue":1.0,
                "alpha":1.0
            },
            "radius":8,
            "name":"Shadi"
        },
        {
            "x":-78.0,
            "y":144.0,
            "angle":0,
            "offset_x":-10,
            "offset_y":-20,
            "color":{
                "red":1.0,
                "green":1.0,
                "blue":1.0,
                "alpha":1.0
            },
            "radius":8,
            "name":"Shangjje"
        },
        {
            "x":-78.0,
            "y":208.0,
            "angle":0,
            "offset_x":-10,
            "offset_y":-20,
            "color":{
                "red":1.0,
                "green":1.0,
                "blue":1.0,
                "alpha":1.0
            },
            "radius":8,
            "name":"Jinyu"
        },
        {
            "x":-77.0,
            "y":283.0,
            "angle":0,
            "offset_x":-10,
            "offset_y":-20,
            "color":{
                "red":1.0,
                "green":1.0,
                "blue":1.0,
                "alpha":1.0
            },
            "radius":8,
            "name":"Fuzhou University"
        },
        {
            "x":-79.0,
            "y":353.0,
            "angle":0,
            "offset_x":-10,
            "offset_y":-20,
            "color":{
                "red":1.0,
                "green":1.0,
                "blue":1.0,
                "alpha":1.0
            },
            "radius":8,
            "name":"Dongyu"
        },
        {
            "x":0.0,
            "y":353.0,
            "angle":0,
            "offset_x":-10,
            "offset_y":-20,
            "color":{
                "red":1.0,
                "green":1.0,
                "blue":1.0,
                "alpha":1.0
            },
            "radius":8,
            "name":"Houting"
        },
        {
            "x":71.0,
            "y":355.0,
            "angle":0,
            "offset_x":-10,
            "offset_y":-20,
            "color":{
                "red":1.0,
                "green":1.0,
                "blue":1.0,
                "alpha":1.0
            },
            "radius":8,
            "name":"Juyuanzhou"
        },
        {
            "x":143.0,
            "y":356.0,
            "angle":0,
            "offset_x":-10,
            "offset_y":-20,
            "color":{
                "red":1.0,
                "green":1.0,
                "blue":1.0,
                "alpha":1.0
            },
            "radius":8,
            "name":"Hongwan"
        },
        {
            "x":226.0,
            "y":356.0,
            "angle":0,
            "offset_x":-10,
            "offset_y":-20,
            "color":{
                "red":1.0,
                "green":1.0,
                "blue":1.0,
                "alpha":1.0
            },
            "radius":8,
            "name":"Jinshan"
        },
        {
            "x":303.0,
            "y":354.0,
            "angle":0,
            "offset_x":-10,
            "offset_y":-20,
            "color":{
                "red":1.0,
                "green":1.0,
                "blue":1.0,
                "alpha":1.0
            },
            "radius":8,
            "name":"Jinxiang"
        },
        {
            "x":363.0,
            "y":275.0,
            "angle":0,
            "offset_x":-10,
            "offset_y":-20,
            "color":{
                "red":1.0,
                "green":1.0,
                "blue":1.0,
                "alpha":1.0
            },
            "radius":8,
            "name":"Xiangban"
        },
        {
            "x":416.0,
            "y":272.0,
            "angle":0,
            "offset_x":-10,
            "offset_y":-20,
            "color":{
                "red":1.0,
                "green":1.0,
                "blue":1.0,
                "alpha":1.0
            },
            "radius":8,
            "name":"Ninghua"
        },
        {
            "x":469.0,
            "y":273.0,
            "angle":0,
            "offset_x":-10,
            "offset_y":-20,
            "color":{
                "red":1.0,
                "green":1.0,
                "blue":1.0,
                "alpha":1.0
            },
            "radius":8,
            "name":"Nanmendou"
        },
        {
            "x":648.0,
            "y":269.0,
            "angle":0,
            "offset_x":-10,
            "offset_y":-20,
            "color":{
                "red":1.0,
                "green":1.0,
                "blue":1.0,
                "alpha":1.0
            },
            "radius":8,
            "name":"Shuibu"
        },
        {
            "x":710.0,
            "y":270.0,
            "angle":0,
            "offset_x":-10,
            "offset_y":-20,
            "color":{
                "red":1.0,
                "green":1.0,
                "blue":1.0,
                "alpha":1.0
            },
            "radius":8,
            "name":"Ziyang"
        },
        {
            "x":786.0,
            "y":271.0,
            "angle":0,
            "offset_x":-10,
            "offset_y":-20,
            "color":{
                "red":1.0,
                "green":1.0,
                "blue":1.0,
                "alpha":1.0
            },
            "radius":8,
            "name":"Wuliting"
        },
        {
            "x":860.0,
            "y":270.0,
            "angle":0,
            "offset_x":-10,
            "offset_y":-20,
            "color":{
                "red":1.0,
                "green":1.0,
                "blue":1.0,
                "alpha":1.0
            },
            "radius":8,
            "name":"Qiany"
        },
        {
            "x":952.0,
            "y":317.0,
            "angle":0,
            "offset_x":-10,
            "offset_y":-20,
            "color":{
                "red":1.0,
                "green":1.0,
                "blue":1.0,
                "alpha":1.0
            },
            "radius":8,
            "name":"Shangyang"
        },
        {
            "x":1027.0,
            "y":364.0,
            "angle":0,
            "offset_x":-10,
            "offset_y":-20,
            "color":{
                "red":1.0,
                "green":1.0,
                "blue":1.0,
                "alpha":1.0
            },
            "radius":8,
            "name":"Gushan"
        },
        {
            "x":1112.0,
            "y":415.0,
            "angle":0,
            "offset_x":-10,
            "offset_y":-20,
            "color":{
                "red":1.0,
                "green":1.0,
                "blue":1.0,
                "alpha":1.0
            },
            "radius":8,
            "name":"Yangli"
        },
        {
            "x":93.0,
            "y":105.0,
            "angle":0,
            "offset_x":-10,
            "offset_y":-20,
            "color":{
                "red":1.0,
                "green":1.0,
                "blue":1.0,
                "alpha":1.0
            },
            "radius":8,
            "name":"Pujue Temple"
        },
        {
            "x":149.0,
            "y":202.0,
            "angle":0,
            "offset_x":-10,
            "offset_y":-20,
            "color":{
                "red":1.0,
                "green":1.0,
                "blue":1.0,
                "alpha":1.0
            },
            "radius":8,
            "name":"Hongtang"
        },
        {
            "x":185.0,
            "y":243.0,
            "angle":0,
            "offset_x":-10,
            "offset_y":-20,
            "color":{
                "red":1.0,
                "green":1.0,
                "blue":1.0,
                "alpha":1.0
            },
            "radius":8,
            "name":"JinlinRoad"
        },
        {
            "x":223.0,
            "y":295.0,
            "angle":0,
            "offset_x":-10,
            "offset_y":-20,
            "color":{
                "red":1.0,
                "green":1.0,
                "blue":1.0,
                "alpha":1.0
            },
            "radius":8,
            "name":"Jinhua Road"
        },
        {
            "x":116.0,
            "y":160.0,
            "angle":0,
            "offset_x":-10,
            "offset_y":-20,
            "color":{
                "red":1.0,
                "green":1.0,
                "blue":1.0,
                "alpha":1.0
            },
            "radius":8,
            "name":"Fujian Agriculture"
        },
        {
            "x":221.0,
            "y":421.0,
            "angle":0,
            "offset_x":-10,
            "offset_y":-20,
            "color":{
                "red":1.0,
                "green":1.0,
                "blue":1.0,
                "alpha":1.0
            },
            "radius":8,
            "name":"Jinhuan Road"
        },
        {
            "x":221.0,
            "y":478.0,
            "angle":0,
            "offset_x":-10,
            "offset_y":-20,
            "color":{
                "red":1.0,
                "green":1.0,
                "blue":1.0,
                "alpha":1.0
            },
            "radius":8,
            "name":"Pushang Avenue"
        },
        {
            "x":223.0,
            "y":533.0,
            "angle":0,
            "offset_x":-10,
            "offset_y":-20,
            "color":{
                "red":1.0,
                "green":1.0,
                "blue":1.0,
                "alpha":1.0
            },
            "radius":8,
            "name":"South Jianxin Road"
        },
        {
            "x":263.0,
            "y":572.0,
            "angle":0,
            "offset_x":-10,
            "offset_y":-20,
            "color":{
                "red":1.0,
                "green":1.0,
                "blue":1.0,
                "alpha":1.0
            },
            "radius":8,
            "name":"Fengshan Road"
        },
        {
            "x":306.0,
            "y":610.0,
            "angle":0,
            "offset_x":-10,
            "offset_y":-20,
            "color":{
                "red":1.0,
                "green":1.0,
                "blue":1.0,
                "alpha":1.0
            },
            "radius":8,
            "name":"Fuwan Road"
        },
        {
            "x":348.0,
            "y":644.0,
            "angle":0,
            "offset_x":-10,
            "offset_y":-20,
            "color":{
                "red":1.0,
                "green":1.0,
                "blue":1.0,
                "alpha":1.0
            },
            "radius":8,
            "name":"Zhaoyu Road"
        },
        {
            "x":389.0,
            "y":672.0,
            "angle":0,
            "offset_x":-10,
            "offset_y":-20,
            "color":{
                "red":1.0,
                "green":1.0,
                "blue":1.0,
                "alpha":1.0
            },
            "radius":8,
            "name":"Wushan"
        },
        {
            "x":456.0,
            "y":701.0,
            "angle":0,
            "offset_x":-10,
            "offset_y":-20,
            "color":{
                "red":1.0,
                "green":1.0,
                "blue":1.0,
                "alpha":1.0
            },
            "radius":8,
            "name":"Shangbao Road"
        },
        {
            "x":546.0,
            "y":705.0,
            "angle":0,
            "offset_x":-10,
            "offset_y":-20,
            "color":{
                "red":1.0,
                "green":1.0,
                "blue":1.0,
                "alpha":1.0
            },
            "radius":8,
            "name":"Dangbu Road"
        },
        {
            "x":622.0,
            "y":710.0,
            "angle":0,
            "offset_x":-10,
            "offset_y":-20,
            "color":{
                "red":1.0,
                "green":1.0,
                "blue":1.0,
                "alpha":1.0
            },
            "radius":8,
            "name":"Guanchanzhou"
        },
        {
            "x":706.0,
            "y":708.0,
            "angle":0,
            "offset_x":-10,
            "offset_y":-20,
            "color":{
                "red":1.0,
                "green":1.0,
                "blue":1.0,
                "alpha":1.0
            },
            "radius":8,
            "name":"Luozhou"
        },
        {
            "x":773.0,
            "y":710.0,
            "angle":0,
            "offset_x":-10,
            "offset_y":-20,
            "color":{
                "red":1.0,
                "green":1.0,
                "blue":1.0,
                "alpha":1.0
            },
            "radius":8,
            "name":"Gaoshi Road"
        },
        {
            "x":835.0,
            "y":710.0,
            "angle":0,
            "offset_x":-10,
            "offset_y":-20,
            "color":{
                "red":1.0,
                "green":1.0,
                "blue":1.0,
                "alpha":1.0
            },
            "radius":8,
            "name":"Chengjin Road"
        },
        {
            "x":942.0,
            "y":707.0,
            "angle":0,
            "offset_x":-10,
            "offset_y":-20,
            "color":{
                "red":1.0,
                "green":1.0,
                "blue":1.0,
                "alpha":1.0
            },
            "radius":8,
            "name":"South Railway Station"
        },
        {
            "x":203.0,
            "y":155.0,
            "angle":0,
            "offset_x":12,
            "offset_y":32,
            "color":{
                "red":1.0,
                "green":1.0,
                "blue":1.0,
                "alpha":1.0
            },
            "radius":8,
            "name":"West Yangqiao Road"
        },
        {
            "x":252.0,
            "y":120.0,
            "angle":-90,
            "offset_x":-43,
            "offset_y":-55,
            "color":{
                "red":1.0,
                "green":1.0,
                "blue":1.0,
                "alpha":1.0
            },
            "radius":8,
            "name":"North Fuzhou Uni"
        },
        {
            "x":306.0,
            "y":118.0,
            "angle":-90,
            "offset_x":-30,
            "offset_y":-52,
            "color":{
                "red":1.0,
                "green":1.0,
                "blue":1.0,
                "alpha":1.0
            },
            "radius":8,
            "name":"West 2nd Road"
        },
        {
            "x":364.0,
            "y":115.0,
            "angle":0,
            "offset_x":-10,
            "offset_y":-20,
            "color":{
                "red":1.0,
                "green":1.0,
                "blue":1.0,
                "alpha":1.0
            },
            "radius":8,
            "name":"New Baima Road"
        },
        {
            "x":468.0,
            "y":114.0,
            "angle":0,
            "offset_x":-10,
            "offset_y":-20,
            "color":{
                "red":0.800000011920929,
                "green":0.7019608020782471,
                "blue":1.0,
                "alpha":1.0
            },
            "radius":8,
            "name":"Dongjjekou"
        },
        {
            "x":545.0,
            "y":114.0,
            "angle":0,
            "offset_x":-27,
            "offset_y":43,
            "color":{
                "red":1.0,
                "green":1.0,
                "blue":1.0,
                "alpha":1.0
            },
            "radius":8,
            "name":"Fujian Provincial ho"
        },
        {
            "x":631.0,
            "y":116.0,
            "angle":0,
            "offset_x":-10,
            "offset_y":-20,
            "color":{
                "red":1.0,
                "green":1.0,
                "blue":1.0,
                "alpha":1.0
            },
            "radius":8,
            "name":"Tatou"
        },
        {
            "x":741.0,
            "y":115.0,
            "angle":0,
            "offset_x":-10,
            "offset_y":-20,
            "color":{
                "red":1.0,
                "green":1.0,
                "blue":1.0,
                "alpha":1.0
            },
            "radius":8,
            "name":"Yuefeng Town"
        },
        {
            "x":847.0,
            "y":114.0,
            "angle":0,
            "offset_x":-10,
            "offset_y":-20,
            "color":{
                "red":1.0,
                "green":1.0,
                "blue":1.0,
                "alpha":1.0
            },
            "radius":8,
            "name":"Chibian"
        },
        {
            "x":856.0,
            "y":168.0,
            "angle":0,
            "offset_x":-10,
            "offset_y":-20,
            "color":{
                "red":1.0,
                "green":1.0,
                "blue":1.0,
                "alpha":1.0
            },
            "radius":8,
            "name":"Huagong Road"
        },
        {
            "x":859.0,
            "y":214.0,
            "angle":0,
            "offset_x":-10,
            "offset_y":-20,
            "color":{
                "red":1.0,
                "green":1.0,
                "blue":1.0,
                "alpha":1.0
            },
            "radius":8,
            "name":"East Fuxin Road"
        },
        {
            "x":856.0,
            "y":324.0,
            "angle":0,
            "offset_x":-6,
            "offset_y":-20,
            "color":{
                "red":1.0,
                "green":1.0,
                "blue":1.0,
                "alpha":1.0
            },
            "radius":8,
            "name":"Yuanyang Road"
        },
        {
            "x":851.0,
            "y":383.0,
            "angle":0,
            "offset_x":0,
            "offset_y":-31,
            "color":{
                "red":1.0,
                "green":1.0,
                "blue":1.0,
                "alpha":1.0
            },
            "radius":8,
            "name":"Aofeng Road"
        },
        {
            "x":846.0,
            "y":430.0,
            "angle":0,
            "offset_x":16,
            "offset_y":-31,
            "color":{
                "red":1.0,
                "green":1.0,
                "blue":1.0,
                "alpha":1.0
            },
            "radius":8,
            "name":"Jiangbin Village"
        },
        {
            "x":829.0,
            "y":474.0,
            "angle":0,
            "offset_x":-10,
            "offset_y":-20,
            "color":{
                "red":1.0,
                "green":1.0,
                "blue":1.0,
                "alpha":1.0
            },
            "radius":8,
            "name":"Puxia"
        },
        {
            "x":804.0,
            "y":516.0,
            "angle":0,
            "offset_x":-10,
            "offset_y":-20,
            "color":{
                "red":1.0,
                "green":1.0,
                "blue":1.0,
                "alpha":1.0
            },
            "radius":8,
            "name":"Conference & Ex"
        },
        {
            "x":772.0,
            "y":563.0,
            "angle":0,
            "offset_x":-10,
            "offset_y":-20,
            "color":{
                "red":1.0,
                "green":1.0,
                "blue":1.0,
                "alpha":1.0
            },
            "radius":8,
            "name":"Lianjinang Village"
        },
        {
            "x":745.0,
            "y":618.0,
            "angle":0,
            "offset_x":-10,
            "offset_y":-20,
            "color":{
                "red":1.0,
                "green":1.0,
                "blue":1.0,
                "alpha":1.0
            },
            "radius":8,
            "name":"Chengmen"
        },
        {
            "x":721.0,
            "y":670.0,
            "angle":0,
            "offset_x":-10,
            "offset_y":-20,
            "color":{
                "red":1.0,
                "green":1.0,
                "blue":1.0,
                "alpha":1.0
            },
            "radius":8,
            "name":"Sanfiacheng"
        },
        {
            "x":689.0,
            "y":-94.0,
            "angle":0,
            "offset_x":-10,
            "offset_y":-20,
            "color":{
                "red":1.0,
                "green":1.0,
                "blue":1.0,
                "alpha":1.0
            },
            "radius":8,
            "name":"Xiangfeng"
        },
        {
            "x":673.0,
            "y":-57.0,
            "angle":0,
            "offset_x":-10,
            "offset_y":-20,
            "color":{
                "red":1.0,
                "green":1.0,
                "blue":1.0,
                "alpha":1.0
            },
            "radius":8,
            "name":"Xiushan"
        },
        {
            "x":661.0,
            "y":-17.0,
            "angle":0,
            "offset_x":-10,
            "offset_y":-20,
            "color":{
                "red":1.0,
                "green":1.0,
                "blue":1.0,
                "alpha":1.0
            },
            "radius":8,
            "name":"Luohanshan"
        },
        {
            "x":636.0,
            "y":58.0,
            "angle":0,
            "offset_x":-10,
            "offset_y":-20,
            "color":{
                "red":1.0,
                "green":1.0,
                "blue":1.0,
                "alpha":1.0
            },
            "radius":8,
            "name":"Fuzhou Railway"
        },
        {
            "x":569.0,
            "y":59.0,
            "angle":0,
            "offset_x":-10,
            "offset_y":-20,
            "color":{
                "red":1.0,
                "green":1.0,
                "blue":1.0,
                "alpha":1.0
            },
            "radius":8,
            "name":"Doumen"
        },
        {
            "x":467.0,
            "y":62.0,
            "angle":0,
            "offset_x":-10,
            "offset_y":-20,
            "color":{
                "red":1.0,
                "green":1.0,
                "blue":1.0,
                "alpha":1.0
            },
            "radius":8,
            "name":"Pingshan"
        },
        {
            "x":469.0,
            "y":312.0,
            "angle":0,
            "offset_x":-10,
            "offset_y":-20,
            "color":{
                "red":1.0,
                "green":1.0,
                "blue":1.0,
                "alpha":1.0
            },
            "radius":8,
            "name":"Chating"
        },
        {
            "x":474.0,
            "y":354.0,
            "angle":0,
            "offset_x":-10,
            "offset_y":-20,
            "color":{
                "red":1.0,
                "green":1.0,
                "blue":1.0,
                "alpha":1.0
            },
            "radius":8,
            "name":"Dadao"
        },
        {
            "x":492.0,
            "y":395.0,
            "angle":0,
            "offset_x":-10,
            "offset_y":-20,
            "color":{
                "red":1.0,
                "green":1.0,
                "blue":1.0,
                "alpha":1.0
            },
            "radius":8,
            "name":"Shangteng"
        },
        {
            "x":535.0,
            "y":452.0,
            "angle":0,
            "offset_x":-10,
            "offset_y":-20,
            "color":{
                "red":1.0,
                "green":1.0,
                "blue":1.0,
                "alpha":1.0
            },
            "radius":8,
            "name":"Sanchajie"
        },
        {
            "x":582.0,
            "y":497.0,
            "angle":0,
            "offset_x":-10,
            "offset_y":-20,
            "color":{
                "red":1.0,
                "green":1.0,
                "blue":1.0,
                "alpha":1.0
            },
            "radius":8,
            "name":"Baihuting"
        },
        {
            "x":619.0,
            "y":532.0,
            "angle":0,
            "offset_x":-10,
            "offset_y":-20,
            "color":{
                "red":1.0,
                "green":1.0,
                "blue":1.0,
                "alpha":1.0
            },
            "radius":8,
            "name":"Huluzhen"
        },
        {
            "x":662.0,
            "y":565.0,
            "angle":0,
            "offset_x":-10,
            "offset_y":-20,
            "color":{
                "red":1.0,
                "green":1.0,
                "blue":1.0,
                "alpha":1.0
            },
            "radius":8,
            "name":"Huangshan"
        },
        {
            "x":700.0,
            "y":596.0,
            "angle":0,
            "offset_x":-10,
            "offset_y":-20,
            "color":{
                "red":1.0,
                "green":1.0,
                "blue":1.0,
                "alpha":1.0
            },
            "radius":8,
            "name":"Paixia"
        },
        {
            "x":831.0,
            "y":661.0,
            "angle":0,
            "offset_x":-10,
            "offset_y":-20,
            "color":{
                "red":1.0,
                "green":1.0,
                "blue":1.0,
                "alpha":1.0
            },
            "radius":8,
            "name":"Lulei"
        },
        {
            "x":1008.0,
            "y":752.0,
            "angle":0,
            "offset_x":-10,
            "offset_y":-20,
            "color":{
                "red":1.0,
                "green":1.0,
                "blue":1.0,
                "alpha":1.0
            },
            "radius":8,
            "name":"Huji"
        },
        {
            "x":1070.0,
            "y":751.0,
            "angle":0,
            "offset_x":-10,
            "offset_y":-20,
            "color":{
                "red":1.0,
                "green":1.0,
                "blue":1.0,
                "alpha":1.0
            },
            "radius":8,
            "name":"Liangcuo"
        },
        {
            "x":1105.0,
            "y":802.0,
            "angle":0,
            "offset_x":-10,
            "offset_y":-20,
            "color":{
                "red":1.0,
                "green":1.0,
                "blue":1.0,
                "alpha":1.0
            },
            "radius":8,
            "name":"Xiayang"
        },
        {
            "x":903.0,
            "y":577.0,
            "angle":0,
            "offset_x":-10,
            "offset_y":-20,
            "color":{
                "red":1.0,
                "green":1.0,
                "blue":1.0,
                "alpha":1.0
            },
            "radius":8,
            "name":"Guqi"
        },
        {
            "x":976.0,
            "y":631.0,
            "angle":0,
            "offset_x":-10,
            "offset_y":-20,
            "color":{
                "red":1.0,
                "green":1.0,
                "blue":1.0,
                "alpha":1.0
            },
            "radius":8,
            "name":"Luqi"
        },
        {
            "x":1131.0,
            "y":850.0,
            "angle":0,
            "offset_x":-10,
            "offset_y":-20,
            "color":{
                "red":1.0,
                "green":1.0,
                "blue":1.0,
                "alpha":1.0
            },
            "radius":8,
            "name":"Yingqian"
        },
        {
            "x":1164.0,
            "y":888.0,
            "angle":0,
            "offset_x":-10,
            "offset_y":-20,
            "color":{
                "red":1.0,
                "green":1.0,
                "blue":1.0,
                "alpha":1.0
            },
            "radius":8,
            "name":"Hangcheng"
        },
        {
            "x":1229.0,
            "y":918.0,
            "angle":0,
            "offset_x":-10,
            "offset_y":-20,
            "color":{
                "red":1.0,
                "green":1.0,
                "blue":1.0,
                "alpha":1.0
            },
            "radius":8,
            "name":"Zhenghe"
        },
        {
            "x":1294.0,
            "y":923.0,
            "angle":0,
            "offset_x":39,
            "offset_y":5,
            "color":{
                "red":1.0,
                "green":1.0,
                "blue":1.0,
                "alpha":1.0
            },
            "radius":8,
            "name":"Shiyang"
        },
        {
            "x":1297.0,
            "y":852.0,
            "angle":0,
            "offset_x":31,
            "offset_y":9,
            "color":{
                "red":1.0,
                "green":1.0,
                "blue":1.0,
                "alpha":1.0
            },
            "radius":8,
            "name":"Aotou"
        },
        {
            "x":1296.0,
            "y":793.0,
            "angle":0,
            "offset_x":28,
            "offset_y":24,
            "color":{
                "red":1.0,
                "green":1.0,
                "blue":1.0,
                "alpha":1.0
            },
            "radius":8,
            "name":"Hesha"
        },
        {
            "x":1298.0,
            "y":724.0,
            "angle":0,
            "offset_x":32,
            "offset_y":12,
            "color":{
                "red":1.0,
                "green":1.0,
                "blue":1.0,
                "alpha":1.0
            },
            "radius":8,
            "name":"Shajing"
        },
        {
            "x":1299.0,
            "y":664.0,
            "angle":0,
            "offset_x":31,
            "offset_y":14,
            "color":{
                "red":1.0,
                "green":1.0,
                "blue":1.0,
                "alpha":1.0
            },
            "radius":8,
            "name":"Lianhu"
        },
        {
            "x":1300.0,
            "y":597.0,
            "angle":0,
            "offset_x":38,
            "offset_y":6,
            "color":{
                "red":1.0,
                "green":1.0,
                "blue":1.0,
                "alpha":1.0
            },
            "radius":8,
            "name":"Hujing"
        },
        {
            "x":1299.0,
            "y":524.0,
            "angle":0,
            "offset_x":28,
            "offset_y":10,
            "color":{
                "red":1.0,
                "green":1.0,
                "blue":1.0,
                "alpha":1.0
            },
            "radius":8,
            "name":"Wanshou"
        },
        {
            "x":1301.0,
            "y":452.0,
            "angle":0,
            "offset_x":33,
            "offset_y":13,
            "color":{
                "red":1.0,
                "green":1.0,
                "blue":1.0,
                "alpha":1.0
            },
            "radius":8,
            "name":"Gaoqia"
        },
        {
            "x":1300.0,
            "y":380.0,
            "angle":0,
            "offset_x":33,
            "offset_y":10,
            "color":{
                "red":1.0,
                "green":1.0,
                "blue":1.0,
                "alpha":1.0
            },
            "radius":8,
            "name":"Weicuo"
        },
        {
            "x":1301.0,
            "y":313.0,
            "angle":0,
            "offset_x":24,
            "offset_y":9,
            "color":{
                "red":1.0,
                "green":1.0,
                "blue":1.0,
                "alpha":1.0
            },
            "radius":8,
            "name":"Xianqi"
        },
        {
            "x":1301.0,
            "y":223.0,
            "angle":0,
            "offset_x":35,
            "offset_y":8,
            "color":{
                "red":1.0,
                "green":1.0,
                "blue":1.0,
                "alpha":1.0
            },
            "radius":8,
            "name":"Changle Interantional Airport"
        }
    ],
    "images":[
    ],
    "labels":[
        {
            "x":565.0,
            "y":911.0,
            "bold":true,
            "italic":false,
            "size":39,
            "font":"Helvetica",
            "font_color":{
                "red":0.0,
                "green":0.10196078568696976,
                "blue":0.501960813999176,
                "alpha":1.0
            },
            "text":"Wulong River"
        }
    ],
    "handles":[
        {
            "x":-20.0,
            "y":-235.0,
            "line":"Line 2",
            "name":"Line 2_start"
        },
        {
            "x":1253.0,
            "y":545.0,
            "line":"Line 2",
            "name":"Line 2_end"
        },
        {
            "x":43.0,
            "y":130.0,
            "line":"Line 5",
            "name":"Line 5_start"
        },
        {
            "x":1074.0,
            "y":767.0,
            "line":"Line 5",
            "name":"Line 5_end"
        },
        {
            "x":166.0,
            "y":298.0,
            "line":"Line 4",
            "name":"Line 4_start"
        },
        {
            "x":759.0,
            "y":832.0,
            "line":"Line 4",
            "name":"Line 4_end"
        },
        {
            "x":777.0,
            "y":-72.0,
            "line":"Line 1",
            "name":"Line 1_start"
        },
        {
            "x":1221.0,
            "y":856.0,
            "line":"Line 1",
            "name":"Line 1_end"
        },
        {
            "x":794.0,
            "y":537.0,
            "line":"Line 6",
            "name":"Line 6_start"
        },
        {
            "x":1356.0,
            "y":177.0,
            "line":"Line 6",
            "name":"Line 6_end"
        }
    ]
}