
{
    "name":"Fuzhou MetroMap",
    "background_color":{
        "red":0.800000011920929,
        "green":0.9019607901573181,
        "blue":1.0,
        "alpha":1.0
    },
    "background_image":"file:/C:/Users/rahel/Desktop/fuzhou.PNG",
    "lines":[
        {
            "name":"Line 2",
            "station_names":[
                "Zhuqi",
                "Rongdong",
                "Chunfeng",
                "Suyan",
                "Shadi",
                "Shangjje",
                "Jinyu",
                "Fuzhou University",
                "Dongyu",
                "Houting",
                "Juyuanzhou",
                "Hongwan",
                "Jinshan",
                "Jinxiang",
                "Xiangban",
                "Ninghua",
                "Nanmendou",
                "Shuibu",
                "Ziyang",
                "Wuliting",
                "Qiany",
                "Shangyang",
                "Gushan",
                "Yangli"
            ],
            "color":{
                "red":0.20000000298023224,
                "green":0.4000000059604645,
                "blue":0.20000000298023224,
                "alpha":1.0
            },
            "thickness":4,
            "circular":false
        },
        {
            "name":"Line 5",
            "station_names":[
                "Pujue Temple",
                "Fujian Agriculture",
                "Hongtang",
                "JinlinRoad",
                "Jinhua Road",
                "Jinshan",
                "Jinhuan Road",
                "Pushang Avenue",
                "South Jianxin Road",
                "Fengshan Road",
                "Fuwan Road",
                "Zhaoyu Road",
                "Wushan",
                "Shangbao Road",
                "Dangbu Road",
                "Guanchanzhou",
                "Luozhou",
                "Gaoshi Road",
                "Chengjin Road",
                "South Railway Station"
            ],
            "color":{
                "red":0.10196078568696976,
                "green":0.20000000298023224,
                "blue":0.6000000238418579,
                "alpha":1.0
            },
            "thickness":4,
            "circular":false
        },
        {
            "name":"Line 4",
            "station_names":[
                "Hongtang",
                "West Yangqiao Road",
                "North Fuzhou Uni",
                "West 2nd Road",
                "New Baima Road",
                "Dongjjekou",
                "Fujian Provincial ho",
                "Tatou",
                "Yuefeng Town",
                "Chibian",
                "Huagong Road",
                "East Fuxin Road",
                "Qiany",
                "Yuanyang Road",
                "Aofeng Road",
                "Jiangbin Village",
                "Puxia",
                "Conference & Ex",
                "Lianjinang Village",
                "Chengmen",
                "Sanfiacheng",
                "Luozhou"
            ],
            "color":{
                "red":1.0,
                "green":0.7019608020782471,
                "blue":0.4000000059604645,
                "alpha":1.0
            },
            "thickness":4,
            "circular":false
        },
        {
            "name":"Line 1",
            "station_names":[
                "Xiangfeng",
                "Xiushan",
                "Luohanshan",
                "Fuzhou Railway",
                "Doumen",
                "Pingshan",
                "Dongjjekou",
                "Nanmendou",
                "Chating",
                "Dadao",
                "Shangteng",
                "Sanchajie",
                "Baihuting",
                "Huluzhen",
                "Huangshan",
                "Paixia",
                "Chengmen",
                "Lulei",
                "South Railway Station",
                "Huji",
                "Liangcuo",
                "Xiayang"
            ],
            "color":{
                "red":0.6000000238418579,
                "green":0.0,
                "blue":0.0,
                "alpha":1.0
            },
            "thickness":4,
            "circular":false
        },
        {
            "name":"Line 6",
            "station_names":[
                "Conference & Ex",
                "Guqi",
                "Luqi",
                "Liangcuo",
                "Xiayang",
                "Hangcheng",
                "Zhenghe",
                "Shiyang",
                "Aotou",
                "Hesha",
                "Shajing",
                "Lianhu",
                "Hujing",
                "Wanshou",
                "Gaoqia",
                "Weicuo",
                "Xianqi",
                "Changle Interantional Airport"
            ],
            "color":{
                "red":1.0,
                "green":0.6000000238418579,
                "blue":0.6000000238418579,
                "alpha":1.0
            },
            "thickness":4,
            "circular":false
        }
    ],
    "stations":[
        {
            "x":-35.0,
            "y":-192.0,
            "angle":0,
            "offset_x":-10,
            "offset_y":-20,
            "color":{
                "red":1.0,
                "green":1.0,
                "blue":1.0,
                "alpha":1.0
            },
            "radius":8,
            "name":"Zhuqi"
        },
        {
            "x":-34.0,
            "y":-132.0,
            "angle":0,
            "offset_x":-10,
            "offset_y":-20,
            "color":{
                "red":1.0,
                "green":1.0,
                "blue":1.0,
                "alpha":1.0
            },
            "radius":8,
            "name":"Rongdong"
        },
        {
            "x":-35.0,
            "y":-50.0,
            "angle":0,
            "offset_x":-19,
            "offset_y":-14,
            "color":{
                "red":1.0,
                "green":1.0,
                "blue":1.0,
                "alpha":1.0
            },
            "radius":8,
            "name":"Chunfeng"
        },
        {
            "x":-37.0,
            "y":37.0,
            "angle":0,
            "offset_x":-10,
            "offset_y":-20,
            "color":{
                "red":1.0,
                "green":1.0,
                "blue":1.0,
                "alpha":1.0
            },
            "radius":8,
            "name":"Suyan"
        },
        {
            "x":-35.0,
            "y":113.0,
            "angle":0,
            "offset_x":-10,
            "offset_y":-20,
            "color":{
                "red":1.0,
                "green":1.0,
                "blue":1.0,
                "alpha":1.0
            },
            "radius":8,
            "name":"Shadi"
        },
        {
            "x":-38.0,
            "y":184.0,
            "angle":0,
            "offset_x":-10,
            "offset_y":-20,
            "color":{
                "red":1.0,
                "green":1.0,
                "blue":1.0,
                "alpha":1.0
            },
            "radius":8,
            "name":"Shangjje"
        },
        {
            "x":-38.0,
            "y":248.0,
            "angle":0,
            "offset_x":-10,
            "offset_y":-20,
            "color":{
                "red":1.0,
                "green":1.0,
                "blue":1.0,
                "alpha":1.0
            },
            "radius":8,
            "name":"Jinyu"
        },
        {
            "x":-37.0,
            "y":323.0,
            "angle":0,
            "offset_x":-10,
            "offset_y":-20,
            "color":{
                "red":1.0,
                "green":1.0,
                "blue":1.0,
                "alpha":1.0
            },
            "radius":8,
            "name":"Fuzhou University"
        },
        {
            "x":-39.0,
            "y":393.0,
            "angle":0,
            "offset_x":-10,
            "offset_y":-20,
            "color":{
                "red":1.0,
                "green":1.0,
                "blue":1.0,
                "alpha":1.0
            },
            "radius":8,
            "name":"Dongyu"
        },
        {
            "x":40.0,
            "y":393.0,
            "angle":0,
            "offset_x":-10,
            "offset_y":-20,
            "color":{
                "red":1.0,
                "green":1.0,
                "blue":1.0,
                "alpha":1.0
            },
            "radius":8,
            "name":"Houting"
        },
        {
            "x":111.0,
            "y":395.0,
            "angle":0,
            "offset_x":-10,
            "offset_y":-20,
            "color":{
                "red":1.0,
                "green":1.0,
                "blue":1.0,
                "alpha":1.0
            },
            "radius":8,
            "name":"Juyuanzhou"
        },
        {
            "x":183.0,
            "y":396.0,
            "angle":0,
            "offset_x":-10,
            "offset_y":-20,
            "color":{
                "red":1.0,
                "green":1.0,
                "blue":1.0,
                "alpha":1.0
            },
            "radius":8,
            "name":"Hongwan"
        },
        {
            "x":266.0,
            "y":396.0,
            "angle":0,
            "offset_x":-10,
            "offset_y":-20,
            "color":{
                "red":1.0,
                "green":1.0,
                "blue":1.0,
                "alpha":1.0
            },
            "radius":8,
            "name":"Jinshan"
        },
        {
            "x":343.0,
            "y":394.0,
            "angle":0,
            "offset_x":-10,
            "offset_y":-20,
            "color":{
                "red":1.0,
                "green":1.0,
                "blue":1.0,
                "alpha":1.0
            },
            "radius":8,
            "name":"Jinxiang"
        },
        {
            "x":403.0,
            "y":315.0,
            "angle":0,
            "offset_x":-10,
            "offset_y":-20,
            "color":{
                "red":1.0,
                "green":1.0,
                "blue":1.0,
                "alpha":1.0
            },
            "radius":8,
            "name":"Xiangban"
        },
        {
            "x":456.0,
            "y":312.0,
            "angle":0,
            "offset_x":-10,
            "offset_y":-20,
            "color":{
                "red":1.0,
                "green":1.0,
                "blue":1.0,
                "alpha":1.0
            },
            "radius":8,
            "name":"Ninghua"
        },
        {
            "x":509.0,
            "y":313.0,
            "angle":0,
            "offset_x":-10,
            "offset_y":-20,
            "color":{
                "red":1.0,
                "green":1.0,
                "blue":1.0,
                "alpha":1.0
            },
            "radius":8,
            "name":"Nanmendou"
        },
        {
            "x":688.0,
            "y":309.0,
            "angle":0,
            "offset_x":-10,
            "offset_y":-20,
            "color":{
                "red":1.0,
                "green":1.0,
                "blue":1.0,
                "alpha":1.0
            },
            "radius":8,
            "name":"Shuibu"
        },
        {
            "x":750.0,
            "y":310.0,
            "angle":0,
            "offset_x":-10,
            "offset_y":-20,
            "color":{
                "red":1.0,
                "green":1.0,
                "blue":1.0,
                "alpha":1.0
            },
            "radius":8,
            "name":"Ziyang"
        },
        {
            "x":826.0,
            "y":311.0,
            "angle":0,
            "offset_x":-10,
            "offset_y":-20,
            "color":{
                "red":1.0,
                "green":1.0,
                "blue":1.0,
                "alpha":1.0
            },
            "radius":8,
            "name":"Wuliting"
        },
        {
            "x":900.0,
            "y":310.0,
            "angle":0,
            "offset_x":-10,
            "offset_y":-20,
            "color":{
                "red":1.0,
                "green":1.0,
                "blue":1.0,
                "alpha":1.0
            },
            "radius":8,
            "name":"Qiany"
        },
        {
            "x":992.0,
            "y":357.0,
            "angle":0,
            "offset_x":-10,
            "offset_y":-20,
            "color":{
                "red":1.0,
                "green":1.0,
                "blue":1.0,
                "alpha":1.0
            },
            "radius":8,
            "name":"Shangyang"
        },
        {
            "x":1067.0,
            "y":404.0,
            "angle":0,
            "offset_x":-10,
            "offset_y":-20,
            "color":{
                "red":1.0,
                "green":1.0,
                "blue":1.0,
                "alpha":1.0
            },
            "radius":8,
            "name":"Gushan"
        },
        {
            "x":1152.0,
            "y":455.0,
            "angle":0,
            "offset_x":-10,
            "offset_y":-20,
            "color":{
                "red":1.0,
                "green":1.0,
                "blue":1.0,
                "alpha":1.0
            },
            "radius":8,
            "name":"Yangli"
        },
        {
            "x":133.0,
            "y":145.0,
            "angle":0,
            "offset_x":-10,
            "offset_y":-20,
            "color":{
                "red":1.0,
                "green":1.0,
                "blue":1.0,
                "alpha":1.0
            },
            "radius":8,
            "name":"Pujue Temple"
        },
        {
            "x":189.0,
            "y":242.0,
            "angle":0,
            "offset_x":-10,
            "offset_y":-20,
            "color":{
                "red":1.0,
                "green":1.0,
                "blue":1.0,
                "alpha":1.0
            },
            "radius":8,
            "name":"Hongtang"
        },
        {
            "x":225.0,
            "y":283.0,
            "angle":0,
            "offset_x":-10,
            "offset_y":-20,
            "color":{
                "red":1.0,
                "green":1.0,
                "blue":1.0,
                "alpha":1.0
            },
            "radius":8,
            "name":"JinlinRoad"
        },
        {
            "x":263.0,
            "y":335.0,
            "angle":0,
            "offset_x":-10,
            "offset_y":-20,
            "color":{
                "red":1.0,
                "green":1.0,
                "blue":1.0,
                "alpha":1.0
            },
            "radius":8,
            "name":"Jinhua Road"
        },
        {
            "x":156.0,
            "y":200.0,
            "angle":0,
            "offset_x":-10,
            "offset_y":-20,
            "color":{
                "red":1.0,
                "green":1.0,
                "blue":1.0,
                "alpha":1.0
            },
            "radius":8,
            "name":"Fujian Agriculture"
        },
        {
            "x":261.0,
            "y":461.0,
            "angle":0,
            "offset_x":-10,
            "offset_y":-20,
            "color":{
                "red":1.0,
                "green":1.0,
                "blue":1.0,
                "alpha":1.0
            },
            "radius":8,
            "name":"Jinhuan Road"
        },
        {
            "x":261.0,
            "y":518.0,
            "angle":0,
            "offset_x":-10,
            "offset_y":-20,
            "color":{
                "red":1.0,
                "green":1.0,
                "blue":1.0,
                "alpha":1.0
            },
            "radius":8,
            "name":"Pushang Avenue"
        },
        {
            "x":263.0,
            "y":573.0,
            "angle":0,
            "offset_x":-10,
            "offset_y":-20,
            "color":{
                "red":1.0,
                "green":1.0,
                "blue":1.0,
                "alpha":1.0
            },
            "radius":8,
            "name":"South Jianxin Road"
        },
        {
            "x":303.0,
            "y":612.0,
            "angle":0,
            "offset_x":-10,
            "offset_y":-20,
            "color":{
                "red":1.0,
                "green":1.0,
                "blue":1.0,
                "alpha":1.0
            },
            "radius":8,
            "name":"Fengshan Road"
        },
        {
            "x":346.0,
            "y":650.0,
            "angle":0,
            "offset_x":-10,
            "offset_y":-20,
            "color":{
                "red":1.0,
                "green":1.0,
                "blue":1.0,
                "alpha":1.0
            },
            "radius":8,
            "name":"Fuwan Road"
        },
        {
            "x":388.0,
            "y":684.0,
            "angle":0,
            "offset_x":-10,
            "offset_y":-20,
            "color":{
                "red":1.0,
                "green":1.0,
                "blue":1.0,
                "alpha":1.0
            },
            "radius":8,
            "name":"Zhaoyu Road"
        },
        {
            "x":429.0,
            "y":712.0,
            "angle":0,
            "offset_x":-10,
            "offset_y":-20,
            "color":{
                "red":1.0,
                "green":1.0,
                "blue":1.0,
                "alpha":1.0
            },
            "radius":8,
            "name":"Wushan"
        },
        {
            "x":496.0,
            "y":741.0,
            "angle":0,
            "offset_x":-10,
            "offset_y":-20,
            "color":{
                "red":1.0,
                "green":1.0,
                "blue":1.0,
                "alpha":1.0
            },
            "radius":8,
            "name":"Shangbao Road"
        },
        {
            "x":586.0,
            "y":745.0,
            "angle":0,
            "offset_x":-10,
            "offset_y":-20,
            "color":{
                "red":1.0,
                "green":1.0,
                "blue":1.0,
                "alpha":1.0
            },
            "radius":8,
            "name":"Dangbu Road"
        },
        {
            "x":662.0,
            "y":750.0,
            "angle":0,
            "offset_x":-10,
            "offset_y":-20,
            "color":{
                "red":1.0,
                "green":1.0,
                "blue":1.0,
                "alpha":1.0
            },
            "radius":8,
            "name":"Guanchanzhou"
        },
        {
            "x":746.0,
            "y":748.0,
            "angle":0,
            "offset_x":-10,
            "offset_y":-20,
            "color":{
                "red":1.0,
                "green":1.0,
                "blue":1.0,
                "alpha":1.0
            },
            "radius":8,
            "name":"Luozhou"
        },
        {
            "x":813.0,
            "y":750.0,
            "angle":0,
            "offset_x":-10,
            "offset_y":-20,
            "color":{
                "red":1.0,
                "green":1.0,
                "blue":1.0,
                "alpha":1.0
            },
            "radius":8,
            "name":"Gaoshi Road"
        },
        {
            "x":875.0,
            "y":750.0,
            "angle":0,
            "offset_x":-10,
            "offset_y":-20,
            "color":{
                "red":1.0,
                "green":1.0,
                "blue":1.0,
                "alpha":1.0
            },
            "radius":8,
            "name":"Chengjin Road"
        },
        {
            "x":982.0,
            "y":747.0,
            "angle":0,
            "offset_x":-10,
            "offset_y":-20,
            "color":{
                "red":1.0,
                "green":1.0,
                "blue":1.0,
                "alpha":1.0
            },
            "radius":8,
            "name":"South Railway Station"
        },
        {
            "x":243.0,
            "y":195.0,
            "angle":0,
            "offset_x":12,
            "offset_y":32,
            "color":{
                "red":1.0,
                "green":1.0,
                "blue":1.0,
                "alpha":1.0
            },
            "radius":8,
            "name":"West Yangqiao Road"
        },
        {
            "x":292.0,
            "y":160.0,
            "angle":-90,
            "offset_x":-43,
            "offset_y":-55,
            "color":{
                "red":1.0,
                "green":1.0,
                "blue":1.0,
                "alpha":1.0
            },
            "radius":8,
            "name":"North Fuzhou Uni"
        },
        {
            "x":346.0,
            "y":158.0,
            "angle":-90,
            "offset_x":-30,
            "offset_y":-52,
            "color":{
                "red":1.0,
                "green":1.0,
                "blue":1.0,
                "alpha":1.0
            },
            "radius":8,
            "name":"West 2nd Road"
        },
        {
            "x":404.0,
            "y":155.0,
            "angle":0,
            "offset_x":-10,
            "offset_y":-20,
            "color":{
                "red":1.0,
                "green":1.0,
                "blue":1.0,
                "alpha":1.0
            },
            "radius":8,
            "name":"New Baima Road"
        },
        {
            "x":508.0,
            "y":154.0,
            "angle":0,
            "offset_x":-10,
            "offset_y":-20,
            "color":{
                "red":0.800000011920929,
                "green":0.7019608020782471,
                "blue":1.0,
                "alpha":1.0
            },
            "radius":8,
            "name":"Dongjjekou"
        },
        {
            "x":585.0,
            "y":154.0,
            "angle":0,
            "offset_x":-27,
            "offset_y":43,
            "color":{
                "red":1.0,
                "green":1.0,
                "blue":1.0,
                "alpha":1.0
            },
            "radius":8,
            "name":"Fujian Provincial ho"
        },
        {
            "x":671.0,
            "y":156.0,
            "angle":0,
            "offset_x":-10,
            "offset_y":-20,
            "color":{
                "red":1.0,
                "green":1.0,
                "blue":1.0,
                "alpha":1.0
            },
            "radius":8,
            "name":"Tatou"
        },
        {
            "x":781.0,
            "y":155.0,
            "angle":0,
            "offset_x":-10,
            "offset_y":-20,
            "color":{
                "red":1.0,
                "green":1.0,
                "blue":1.0,
                "alpha":1.0
            },
            "radius":8,
            "name":"Yuefeng Town"
        },
        {
            "x":887.0,
            "y":154.0,
            "angle":0,
            "offset_x":-10,
            "offset_y":-20,
            "color":{
                "red":1.0,
                "green":1.0,
                "blue":1.0,
                "alpha":1.0
            },
            "radius":8,
            "name":"Chibian"
        },
        {
            "x":896.0,
            "y":208.0,
            "angle":0,
            "offset_x":-10,
            "offset_y":-20,
            "color":{
                "red":1.0,
                "green":1.0,
                "blue":1.0,
                "alpha":1.0
            },
            "radius":8,
            "name":"Huagong Road"
        },
        {
            "x":899.0,
            "y":254.0,
            "angle":0,
            "offset_x":-10,
            "offset_y":-20,
            "color":{
                "red":1.0,
                "green":1.0,
                "blue":1.0,
                "alpha":1.0
            },
            "radius":8,
            "name":"East Fuxin Road"
        },
        {
            "x":896.0,
            "y":364.0,
            "angle":0,
            "offset_x":-6,
            "offset_y":-20,
            "color":{
                "red":1.0,
                "green":1.0,
                "blue":1.0,
                "alpha":1.0
            },
            "radius":8,
            "name":"Yuanyang Road"
        },
        {
            "x":891.0,
            "y":423.0,
            "angle":0,
            "offset_x":0,
            "offset_y":-31,
            "color":{
                "red":1.0,
                "green":1.0,
                "blue":1.0,
                "alpha":1.0
            },
            "radius":8,
            "name":"Aofeng Road"
        },
        {
            "x":886.0,
            "y":470.0,
            "angle":0,
            "offset_x":16,
            "offset_y":-31,
            "color":{
                "red":1.0,
                "green":1.0,
                "blue":1.0,
                "alpha":1.0
            },
            "radius":8,
            "name":"Jiangbin Village"
        },
        {
            "x":869.0,
            "y":514.0,
            "angle":0,
            "offset_x":-10,
            "offset_y":-20,
            "color":{
                "red":1.0,
                "green":1.0,
                "blue":1.0,
                "alpha":1.0
            },
            "radius":8,
            "name":"Puxia"
        },
        {
            "x":844.0,
            "y":556.0,
            "angle":0,
            "offset_x":-10,
            "offset_y":-20,
            "color":{
                "red":1.0,
                "green":1.0,
                "blue":1.0,
                "alpha":1.0
            },
            "radius":8,
            "name":"Conference & Ex"
        },
        {
            "x":812.0,
            "y":603.0,
            "angle":0,
            "offset_x":-10,
            "offset_y":-20,
            "color":{
                "red":1.0,
                "green":1.0,
                "blue":1.0,
                "alpha":1.0
            },
            "radius":8,
            "name":"Lianjinang Village"
        },
        {
            "x":785.0,
            "y":658.0,
            "angle":0,
            "offset_x":-10,
            "offset_y":-20,
            "color":{
                "red":1.0,
                "green":1.0,
                "blue":1.0,
                "alpha":1.0
            },
            "radius":8,
            "name":"Chengmen"
        },
        {
            "x":761.0,
            "y":710.0,
            "angle":0,
            "offset_x":-10,
            "offset_y":-20,
            "color":{
                "red":1.0,
                "green":1.0,
                "blue":1.0,
                "alpha":1.0
            },
            "radius":8,
            "name":"Sanfiacheng"
        },
        {
            "x":729.0,
            "y":-54.0,
            "angle":0,
            "offset_x":-10,
            "offset_y":-20,
            "color":{
                "red":1.0,
                "green":1.0,
                "blue":1.0,
                "alpha":1.0
            },
            "radius":8,
            "name":"Xiangfeng"
        },
        {
            "x":713.0,
            "y":-17.0,
            "angle":0,
            "offset_x":-10,
            "offset_y":-20,
            "color":{
                "red":1.0,
                "green":1.0,
                "blue":1.0,
                "alpha":1.0
            },
            "radius":8,
            "name":"Xiushan"
        },
        {
            "x":701.0,
            "y":23.0,
            "angle":0,
            "offset_x":-10,
            "offset_y":-20,
            "color":{
                "red":1.0,
                "green":1.0,
                "blue":1.0,
                "alpha":1.0
            },
            "radius":8,
            "name":"Luohanshan"
        },
        {
            "x":676.0,
            "y":98.0,
            "angle":0,
            "offset_x":-10,
            "offset_y":-20,
            "color":{
                "red":1.0,
                "green":1.0,
                "blue":1.0,
                "alpha":1.0
            },
            "radius":8,
            "name":"Fuzhou Railway"
        },
        {
            "x":609.0,
            "y":99.0,
            "angle":0,
            "offset_x":-10,
            "offset_y":-20,
            "color":{
                "red":1.0,
                "green":1.0,
                "blue":1.0,
                "alpha":1.0
            },
            "radius":8,
            "name":"Doumen"
        },
        {
            "x":507.0,
            "y":102.0,
            "angle":0,
            "offset_x":-10,
            "offset_y":-20,
            "color":{
                "red":1.0,
                "green":1.0,
                "blue":1.0,
                "alpha":1.0
            },
            "radius":8,
            "name":"Pingshan"
        },
        {
            "x":509.0,
            "y":352.0,
            "angle":0,
            "offset_x":-10,
            "offset_y":-20,
            "color":{
                "red":1.0,
                "green":1.0,
                "blue":1.0,
                "alpha":1.0
            },
            "radius":8,
            "name":"Chating"
        },
        {
            "x":514.0,
            "y":394.0,
            "angle":0,
            "offset_x":-10,
            "offset_y":-20,
            "color":{
                "red":1.0,
                "green":1.0,
                "blue":1.0,
                "alpha":1.0
            },
            "radius":8,
            "name":"Dadao"
        },
        {
            "x":532.0,
            "y":435.0,
            "angle":0,
            "offset_x":-10,
            "offset_y":-20,
            "color":{
                "red":1.0,
                "green":1.0,
                "blue":1.0,
                "alpha":1.0
            },
            "radius":8,
            "name":"Shangteng"
        },
        {
            "x":575.0,
            "y":492.0,
            "angle":0,
            "offset_x":-10,
            "offset_y":-20,
            "color":{
                "red":1.0,
                "green":1.0,
                "blue":1.0,
                "alpha":1.0
            },
            "radius":8,
            "name":"Sanchajie"
        },
        {
            "x":622.0,
            "y":537.0,
            "angle":0,
            "offset_x":-10,
            "offset_y":-20,
            "color":{
                "red":1.0,
                "green":1.0,
                "blue":1.0,
                "alpha":1.0
            },
            "radius":8,
            "name":"Baihuting"
        },
        {
            "x":659.0,
            "y":572.0,
            "angle":0,
            "offset_x":-10,
            "offset_y":-20,
            "color":{
                "red":1.0,
                "green":1.0,
                "blue":1.0,
                "alpha":1.0
            },
            "radius":8,
            "name":"Huluzhen"
        },
        {
            "x":702.0,
            "y":605.0,
            "angle":0,
            "offset_x":-10,
            "offset_y":-20,
            "color":{
                "red":1.0,
                "green":1.0,
                "blue":1.0,
                "alpha":1.0
            },
            "radius":8,
            "name":"Huangshan"
        },
        {
            "x":740.0,
            "y":636.0,
            "angle":0,
            "offset_x":-10,
            "offset_y":-20,
            "color":{
                "red":1.0,
                "green":1.0,
                "blue":1.0,
                "alpha":1.0
            },
            "radius":8,
            "name":"Paixia"
        },
        {
            "x":871.0,
            "y":701.0,
            "angle":0,
            "offset_x":-10,
            "offset_y":-20,
            "color":{
                "red":1.0,
                "green":1.0,
                "blue":1.0,
                "alpha":1.0
            },
            "radius":8,
            "name":"Lulei"
        },
        {
            "x":1048.0,
            "y":792.0,
            "angle":0,
            "offset_x":-10,
            "offset_y":-20,
            "color":{
                "red":1.0,
                "green":1.0,
                "blue":1.0,
                "alpha":1.0
            },
            "radius":8,
            "name":"Huji"
        },
        {
            "x":1110.0,
            "y":791.0,
            "angle":0,
            "offset_x":-10,
            "offset_y":-20,
            "color":{
                "red":1.0,
                "green":1.0,
                "blue":1.0,
                "alpha":1.0
            },
            "radius":8,
            "name":"Liangcuo"
        },
        {
            "x":1145.0,
            "y":842.0,
            "angle":0,
            "offset_x":-10,
            "offset_y":-20,
            "color":{
                "red":1.0,
                "green":1.0,
                "blue":1.0,
                "alpha":1.0
            },
            "radius":8,
            "name":"Xiayang"
        },
        {
            "x":943.0,
            "y":617.0,
            "angle":0,
            "offset_x":-10,
            "offset_y":-20,
            "color":{
                "red":1.0,
                "green":1.0,
                "blue":1.0,
                "alpha":1.0
            },
            "radius":8,
            "name":"Guqi"
        },
        {
            "x":1016.0,
            "y":671.0,
            "angle":0,
            "offset_x":-10,
            "offset_y":-20,
            "color":{
                "red":1.0,
                "green":1.0,
                "blue":1.0,
                "alpha":1.0
            },
            "radius":8,
            "name":"Luqi"
        },
        {
            "x":1171.0,
            "y":890.0,
            "angle":0,
            "offset_x":-10,
            "offset_y":-20,
            "color":{
                "red":1.0,
                "green":1.0,
                "blue":1.0,
                "alpha":1.0
            },
            "radius":8,
            "name":"Yingqian"
        },
        {
            "x":1204.0,
            "y":928.0,
            "angle":0,
            "offset_x":-10,
            "offset_y":-20,
            "color":{
                "red":1.0,
                "green":1.0,
                "blue":1.0,
                "alpha":1.0
            },
            "radius":8,
            "name":"Hangcheng"
        },
        {
            "x":1269.0,
            "y":958.0,
            "angle":0,
            "offset_x":-10,
            "offset_y":-20,
            "color":{
                "red":1.0,
                "green":1.0,
                "blue":1.0,
                "alpha":1.0
            },
            "radius":8,
            "name":"Zhenghe"
        },
        {
            "x":1334.0,
            "y":963.0,
            "angle":0,
            "offset_x":39,
            "offset_y":5,
            "color":{
                "red":1.0,
                "green":1.0,
                "blue":1.0,
                "alpha":1.0
            },
            "radius":8,
            "name":"Shiyang"
        },
        {
            "x":1337.0,
            "y":892.0,
            "angle":0,
            "offset_x":31,
            "offset_y":9,
            "color":{
                "red":1.0,
                "green":1.0,
                "blue":1.0,
                "alpha":1.0
            },
            "radius":8,
            "name":"Aotou"
        },
        {
            "x":1336.0,
            "y":833.0,
            "angle":0,
            "offset_x":28,
            "offset_y":24,
            "color":{
                "red":1.0,
                "green":1.0,
                "blue":1.0,
                "alpha":1.0
            },
            "radius":8,
            "name":"Hesha"
        },
        {
            "x":1338.0,
            "y":764.0,
            "angle":0,
            "offset_x":32,
            "offset_y":12,
            "color":{
                "red":1.0,
                "green":1.0,
                "blue":1.0,
                "alpha":1.0
            },
            "radius":8,
            "name":"Shajing"
        },
        {
            "x":1339.0,
            "y":704.0,
            "angle":0,
            "offset_x":31,
            "offset_y":14,
            "color":{
                "red":1.0,
                "green":1.0,
                "blue":1.0,
                "alpha":1.0
            },
            "radius":8,
            "name":"Lianhu"
        },
        {
            "x":1340.0,
            "y":637.0,
            "angle":0,
            "offset_x":38,
            "offset_y":6,
            "color":{
                "red":1.0,
                "green":1.0,
                "blue":1.0,
                "alpha":1.0
            },
            "radius":8,
            "name":"Hujing"
        },
        {
            "x":1339.0,
            "y":564.0,
            "angle":0,
            "offset_x":28,
            "offset_y":10,
            "color":{
                "red":1.0,
                "green":1.0,
                "blue":1.0,
                "alpha":1.0
            },
            "radius":8,
            "name":"Wanshou"
        },
        {
            "x":1341.0,
            "y":492.0,
            "angle":0,
            "offset_x":33,
            "offset_y":13,
            "color":{
                "red":1.0,
                "green":1.0,
                "blue":1.0,
                "alpha":1.0
            },
            "radius":8,
            "name":"Gaoqia"
        },
        {
            "x":1340.0,
            "y":420.0,
            "angle":0,
            "offset_x":33,
            "offset_y":10,
            "color":{
                "red":1.0,
                "green":1.0,
                "blue":1.0,
                "alpha":1.0
            },
            "radius":8,
            "name":"Weicuo"
        },
        {
            "x":1341.0,
            "y":353.0,
            "angle":0,
            "offset_x":24,
            "offset_y":9,
            "color":{
                "red":1.0,
                "green":1.0,
                "blue":1.0,
                "alpha":1.0
            },
            "radius":8,
            "name":"Xianqi"
        },
        {
            "x":1341.0,
            "y":263.0,
            "angle":0,
            "offset_x":35,
            "offset_y":8,
            "color":{
                "red":1.0,
                "green":1.0,
                "blue":1.0,
                "alpha":1.0
            },
            "radius":8,
            "name":"Changle Interantional Airport"
        }
    ],
    "images":[
        {
            "x":294.0,
            "y":726.0,
            "url":"file:/C:/Users/rahel/Desktop/sym.PNG"
        },
        {
            "x":204.0,
            "y":-238.0,
            "url":"file:/C:/Users/rahel/Desktop/MetroNe.PNG"
        },
        {
            "x":1325.0,
            "y":-218.0,
            "url":"file:/C:/Users/rahel/Desktop/nor.PNG"
        }
    ],
    "labels":[
        {
            "x":565.0,
            "y":911.0,
            "bold":true,
            "italic":false,
            "size":39,
            "font":"Helvetica",
            "font_color":{
                "red":0.0,
                "green":0.10196078568696976,
                "blue":0.501960813999176,
                "alpha":1.0
            },
            "text":"Wulong River"
        }
    ],
    "handles":[
        {
            "x":-20.0,
            "y":-235.0,
            "line":"Line 2",
            "name":"Line 2_start"
        },
        {
            "x":1253.0,
            "y":545.0,
            "line":"Line 2",
            "name":"Line 2_end"
        },
        {
            "x":148.0,
            "y":99.0,
            "line":"Line 5",
            "name":"Line 5_start"
        },
        {
            "x":1074.0,
            "y":767.0,
            "line":"Line 5",
            "name":"Line 5_end"
        },
        {
            "x":166.0,
            "y":298.0,
            "line":"Line 4",
            "name":"Line 4_start"
        },
        {
            "x":759.0,
            "y":832.0,
            "line":"Line 4",
            "name":"Line 4_end"
        },
        {
            "x":777.0,
            "y":-72.0,
            "line":"Line 1",
            "name":"Line 1_start"
        },
        {
            "x":1221.0,
            "y":856.0,
            "line":"Line 1",
            "name":"Line 1_end"
        },
        {
            "x":794.0,
            "y":537.0,
            "line":"Line 6",
            "name":"Line 6_start"
        },
        {
            "x":1356.0,
            "y":177.0,
            "line":"Line 6",
            "name":"Line 6_end"
        }
    ]
}