
{
    "name":"",
    "background_color":{
        "red":0.4000000059604645,
        "green":0.3019607961177826,
        "blue":0.7019608020782471,
        "alpha":1.0
    },
    "lines":[
        {
            "name":"fasdf",
            "station_names":[
                ";'j4",
                "j'k"
            ],
            "color":{
                "red":0.0,
                "green":0.0,
                "blue":0.0,
                "alpha":1.0
            },
            "thickness":4,
            "circular":false
        }
    ],
    "stations":[
        {
            "x":304.0,
            "y":202.0,
            "angle":0,
            "offset_x":-10,
            "offset_y":-20,
            "color":{
                "red":0.6000000238418579,
                "green":0.4000000059604645,
                "blue":0.6000000238418579,
                "alpha":1.0
            },
            "radius":8,
            "name":";'j4"
        },
        {
            "x":226.0,
            "y":167.0,
            "angle":0,
            "offset_x":-10,
            "offset_y":-20,
            "color":{
                "red":0.9019607901573181,
                "green":0.800000011920929,
                "blue":1.0,
                "alpha":1.0
            },
            "radius":8,
            "name":"j'k"
        }
    ],
    "images":[
    ],
    "labels":[
        {
            "x":15.0,
            "y":15.0,
            "text":"kjh;h"
        }
    ],
    "handles":[
        {
            "x":440.0,
            "y":253.0,
            "line":"fasdf",
            "name":"fasdf_start"
        },
        {
            "x":15.0,
            "y":100.0,
            "line":"fasdf",
            "name":"fasdf_end"
        }
    ]
}